{
    "classification_report": {
        "0": {
            "precision": 0.8784057179142608,
            "recall": 0.9281311925603458,
            "f1-score": 0.9025841008755292,
            "support": 128178.0
        },
        "1": {
            "precision": 0.8349574461353497,
            "recall": 0.7631392507554617,
            "f1-score": 0.7974345996661052,
            "support": 69163.0
        },
        "2": {
            "precision": 0.7350029120559115,
            "recall": 0.4173280423280423,
            "f1-score": 0.5323771356253955,
            "support": 3024.0
        },
        "accuracy": 0.8634691687670002,
        "macro avg": {
            "precision": 0.8161220253685073,
            "recall": 0.7028661618812833,
            "f1-score": 0.7441319453890101,
            "support": 200365.0
        },
        "weighted avg": {
            "precision": 0.8612437240233095,
            "recall": 0.8634691687670002,
            "f1-score": 0.8607007339448586,
            "support": 200365.0
        }
    },
    "confusion_matrix": [
        [
            118966,
            9087,
            125
        ],
        [
            16052,
            52781,
            330
        ],
        [
            416,
            1346,
            1262
        ]
    ]
}