{
    "modelo": "lstm_model.h5",
    "fecha": "2025-04-26 15:47:44",
    "accuracy": 0.7785441569136327,
    "macro_f1": 0.5975111562566523,
    "auc_leve": 0.842496481226572,
    "auc_grave": 0.8225900136882549,
    "auc_fatal": 0.8797201359870482,
    "auc_macro": 0.8482713669542808
}