{
    "classification_report": {
        "0": {
            "precision": 0.7937325103431655,
            "recall": 0.9249871272761316,
            "f1-score": 0.8543480140658327,
            "support": 128178.0
        },
        "1": {
            "precision": 0.7706479681024493,
            "recall": 0.5672975434842329,
            "f1-score": 0.6535194376894633,
            "support": 69163.0
        },
        "2": {
            "precision": 0.7948717948717948,
            "recall": 0.0205026455026455,
            "f1-score": 0.039974210186976146,
            "support": 3024.0
        },
        "accuracy": 0.7878671424650013,
        "macro avg": {
            "precision": 0.7864174244391365,
            "recall": 0.5042624387543367,
            "f1-score": 0.515947220647424,
            "support": 200365.0
        },
        "weighted avg": {
            "precision": 0.7857812663705153,
            "recall": 0.7878671424650013,
            "f1-score": 0.7727340934167748,
            "support": 200365.0
        }
    },
    "confusion_matrix": [
        [
            118563,
            9606,
            9
        ],
        [
            29920,
            39236,
            7
        ],
        [
            891,
            2071,
            62
        ]
    ]
}