{
    "modelo": "mlp_model.h5",
    "fecha": "2025-04-26 10:40:16",
    "accuracy": 0.5852768697127742,
    "macro_f1": 0.38617673709583533,
    "auc_leve": 0.8279045309838394,
    "auc_grave": 0.6623499800661623,
    "auc_fatal": 0.8250543689998745,
    "auc_macro": 0.7717718827167738
}